{"Of7/5hnNLIOphtXem4mVMQ==":"1-960x959.jpg","84U1kSW3XMZU8XfSuR/Ddw==":"4-650x393.png","/YLl5L4QOnNza9iToeLiQg==":"8-620x620.png","exKuUmChBMjaLVY7Ooyvfw==":"11-2-880x587.jpg","cxL0UfB63Hnmm6RSwMJU1Q==":"4-1-1-880x587.jpg","9QpvAfMtfU3ZiBoRg7YJ4A==":"11-3-880x587.jpg","SkLex53d//vWYId+buC32Q==":"11-4-880x587.jpg","WIgPnVlocgnmPaTZeLJLbQ==":"690x459_1_bc570537689ab7f97bed5be5197167dd@800x533_0xd42ee42d-21437489141416907000-690x459.jpg","Y7yKsVEpJrIb9eL0f3fPrA==":"4-1-650x393.png","f3fpwhX6t1BmoGRtki516A==":"02-1050x788.jpg","mjfE6TNMKylU1c2v3VgXSw==":"02-1-1050x788.jpg","EKxRF694CrPVGGL67UwZyw==":"02-2-1050x788.jpg","+ECC2NHUruP98KTa2yZWBA==":"02-3-1050x788.jpg","IhGAnmJj0Ui+10LTO/JPtw==":"6-1050x788.jpg","Z03bE8mPfW6ltxWOTME1Lw==":"6-1-1050x788.jpg","3jC1/3CySVy13jSpJHjm7Q==":"6-2-1050x788.jpg","tsI+e3zmVchAELwAC2v0Tg==":"6-3-1050x788.jpg","TaCjGmhqS7JfXmFDLk12ug==":"6-4-1050x788.jpg","IQ/+zWv7cHtMqkWAFsCMdw==":"9d5a5557-1200x800.jpg","NVa9LWR2NF2x8kbuOphhQQ==":"9d5a5557-1-1200x800.jpg","fJQAu7SllKq1tSSEp/E2IA==":"new-2000x1333.jpg","1N88R63iIEUMDfnjloxzng==":"new-1-2000x1333.jpg","Vu/8MJY1rEagxsjuNN5MMg==":"new-2-2000x1333.jpg","guwqpNsG1c/lhw/IniWbXQ==":"new-3-2000x1333.jpg","8QRez3Oompt/zbDbRXXM6A==":"291a163-pr--840x550.png","gFS1BWbGvyF8J9JfjD1cAA==":"mbr-1920x1298.jpg","GD2rzHejS32etHXMJC3aiA==":"mbr-1-1920x1298.jpg","e61kRUUI/X4WDsgvrrg9vw==":"mbr-2-1920x1298.jpg","T88KeqYwKtDMPMbVmGCbfQ==":"mbr-1920x1240.jpg","3xRuidjWNpdsnXbrG9iAEg==":"mbr-1-1920x1240.jpg","j1Rd8mxS2dReL79PlO7IkQ==":"14589927_10210413158262415_2752418346085137273_o-2000x1333.jpg","wYzAeLx8TuftbcUjgQTKLg==":"mbr-1920x1275.jpg","ydnof/nqEFo5p+7ubgE+0g==":"mbr-1-1920x1275.jpg","aQU+WyDxaNYiXPuidLD+BA==":"screenshot-1-776x429.png","mNiRhEEx58Cy4EKAYaPoyA==":"screenshot-2-621x461.png","Sb3V55IHChJoZ/eyOV0GRw==":"mbr-1920x1405.jpg","dorR0m3CCL//oUftEVSCkA==":"screenshot-2-436x324.png","o0Fvi8kGT1j1fDp64DVDrw==":"%D0%A2%D0%B8%20%D0%BC%D0%BE%D0%B6%D0%B5%D1%88%20%D0%BE%D0%BF%D1%83%D1%81%D1%82%D0%B8%D1%82%D0%B8%20%D1%80%D1%83%D0%BA%D0%B8.%20%D0%97%D0%B4%D0%B0%D1%82%D0%B8%D1%81%D1%8F.%20%D0%9F%D1%96%D1%82%D0%B8%20%D1%89%D0%B5%20%D0%BA%D1%83%D0%B4%D0%B8%D1%81%D1%8C%20%D0%B3%D0%BE%D0%BB%D0%BE%D0%B2%D0%BD%D0%B8%D0%BC%20%D1%80%D0%B5%D0%B4%D0%B0%D0%BA%D1%82%D0%BE%D1%80%D0%BE%D0%BC.%20%D0%A7%D0%B8%20%D0%BF%D1%96%D1%82%D0%B8,%20%D0%B7%D1%80%D0%B5%D1%88%D1%82%D0%BE%D1%8E,%20%D0%B4%D0%BE%20%D0%B4%D1%96%D0%B4%D1%83%D1%81%D1%8F%20%D0%B2%20%E2%80%9C%D0%A1%D1%96%D0%BB%D1%8C%D1%81%D1%8C%D0%BA%D1%96%20%D0%B2%D1%96%D1%81%D1%82%D1%96%E2%80%9D.%20%D0%90%D0%B1%D0%BE%20%D1%82%D0%B8%20%D0%BC%D0%BE%D0%B6%D0%B5%D1%88%20%D1%88%D1%83%D0%BA%D0%B0%D1%82%D0%B8%20%D1%81%D0%B2%D1%96%D0%B9%20%D1%88%D0%BB%D1%8F%D1%85%E2%80%9D.-676x541.jpg","XpkpX2cUJp7LdK6Gyg2nhQ==":"4-554x634.jpg","NL6esdYiu0I5scRu3HF+WA==":"4-1-554x634.jpg","b6s+4kaV0hD23gJuGZ2Y6A==":"2-946x960.jpg","NBeRvGcH5uJp6ycGjhXatA==":"background4.jpg","VA2bv+8jTx1ADhbtG/GdqQ==":"photo3-960x960.jpg","FrOtF7mG7D9zUdc9bi1zlA==":"8599237-200x200.jpg","Da77gAOYc1MVNXvCbCiebw==":"img-5821-713x686.jpg","l+EUWkQXWSy2+gvRK9XM9A==":"%D1%81%D1%82%D0%B0%D1%80%D0%B2%D0%B0%D1%80%D1%81-932x750.png","YAhtXQ7vFGRPJ03WotB37A==":"%D1%81%D1%82%D0%B0%D1%80%D0%B2%D0%B0%D1%80%D1%81-972x782.png","QsppHz0IXXkfP0p89JxjmQ==":"img-5821-597x462.jpg","KC0EO57RYmYPUoPXDSjesA==":"img-5821-436x337.jpg","Ly+mdm63lVz6CqSX2vcU6g==":"background3.jpg","BaoRrT/AV2B/R0SMrzyQmQ==":"%D0%94%D0%B8%D0%B7%D0%B0%D0%B9%D0%BD%20%D0%B1%D0%B5%D0%B7%20%D0%BD%D0%B0%D0%B7%D0%B2%D0%B0%D0%BD%D0%B8%D1%8F-732x586.png","0vpc9nz8I27LZICR/8G3Hw==":"%D0%94%D0%B8%D0%B7%D0%B0%D0%B9%D0%BD%20%D0%B1%D0%B5%D0%B7%20%D0%BD%D0%B0%D0%B7%D0%B2%D0%B0%D0%BD%D0%B8%D1%8F-732x586.png","Qar5YWxZ16TzVmui1jkBoA==":"%D0%94%D0%B8%D0%B7%D0%B0%D0%B9%D0%BD%20%D0%B1%D0%B5%D0%B7%20%D0%BD%D0%B0%D0%B7%D0%B2%D0%B0%D0%BD%D0%B8%D1%8F-732x586.png","hOK9Pz5698sXFPX6o8zqNw==":"16247_234666-1442567387-600x899.jpg","lQr8n/66iYbeSEBXTuVkDA==":"16247_234666-1442567388-600x899.jpg","chWOQCDTnpvOVpb6HmFoyw==":"photo2-883x789.jpg","P12UfWwPako5sgD32cdTxA==":"3-1014x676.jpg","vwS+uXnqhLxIiTNswWmo3g==":"screenshot-1-1014x430.png","yKYpWMr3MhRihTlpbMgCrA==":"1-1-960x959.jpg","4+DzqXFpj/z2AIwVP9lcYQ==":"background5.jpg","mjnoDVRtqnNQZt54H2bpgw==":"screenshot-3-915x771.png","L53raPxOhzOZTGTeo5qwSQ==":"screenshot-4-915x771.png","71TH+sD0AC6fjVoAX3nPxw==":"screenshot-6-1023x844.png","w2sMC/SWU81Ta2QFFe+53A==":"screenshot-7-1020x851.png","x0wvkFCeQcR6WKJDafDFEw==":"screenshot-8-1020x851.png","uxk/zrSy1yIpUU/6UKhAwQ==":"screenshot-5-1021x800.png","7iYMWfaI7mk/KYBGRXkfKg==":"screenshot-8-1005x804.png","doj1UoZFWztrTJCq4BQt2g==":"screenshot-11-1024x803.png","3obX0Mv3gGXoPgfWfA948g==":"imageccccccccccccc-1024x803.jpg","BN+xb1tg9JBzvJsHPPyhrg==":"imageccccccccccccc-1-1024x803.jpg","lItzqfzNrax5uOszwnAXfg==":"screenshot-9-1005x804.png","bKJ/T7eYmP2rOk1DX1PWCA==":"imageccccccccccccc-2-1024x803.jpg"}